<?xml version="1.0" encoding="UTF-8"?>
<keywords>
   <keywords>
      <text FeatureID="-1">decrypting, memory card</text>
      <target FeatureID="-1" href="ES_HLP_ENCRYPTION_DECRYPT.html">Decrypt the memory card</target>
   </keywords>
   <keywords>
      <text FeatureID="-1">encrypting, memory card</text>
      <target FeatureID="-1" href="ES_HLP_ENCRYPTION_ENCRYPT.html">Encrypt the memory card</target>
   </keywords>
   <keywords>
      <text FeatureID="-1">encrypting, device memory and memory card</text>
      <target FeatureID="-1" href="ES_HLP_ENCRYPTION_MAIN.html">Encrypt or decrypt</target>
   </keywords>
   <keywords>
      <text FeatureID="-1">decrypting, device memory and memory card</text>
      <target FeatureID="-1" href="ES_HLP_ENCRYPTION_MAIN.html">Encrypt or decrypt</target>
   </keywords>
</keywords>